rank,brand,domain,category,india_branded_searches_monthly,source,priority
1,Snitch,snitch.co.in,Fashion,947000,MerchantData Sep 2026,A
2,boAt,boat-lifestyle.com,Electronics,776000,MerchantData Sep 2026,A
3,GIVA,giva.co,Jewellery,476000,MerchantData Sep 2026,A
4,Minimalist,beminimalist.co,Beauty,462000,MerchantData Sep 2026,A
5,Kreo,kreo-tech.com,Electronics,361000,MerchantData Sep 2026,A
6,Portronics,portronics.com,Electronics,351000,MerchantData Sep 2026,A
7,Noise,gonoise.com,Electronics,340000,MerchantData Sep 2026,A
8,Ather Shop,shop.atherenergy.com,Automotive,329000,MerchantData Sep 2026,A
9,TVS Shop,shop.tvsmotor.com,Automotive,328000,MerchantData Sep 2026,A
10,PALMONAS,palmonas.com,Jewellery,305000,MerchantData Sep 2026,A
11,Bonkers Corner,bonkerscorner.com,Fashion,298000,MerchantData Sep 2026,A
12,Bombay Shaving Company,bombayshavingcompany.com,Beauty,297000,MerchantData Sep 2026,A
13,RedTape,redtape.com,Footwear,263000,MerchantData Sep 2026,A
14,Pilgrim,discoverpilgrim.com,Beauty,244000,MerchantData Sep 2026,A
15,Dot & Key,dotandkey.com,Beauty,231000,MerchantData Sep 2026,A
16,Nobero,nobero.com,Fashion,204000,MerchantData Sep 2026,A
17,Naturaltein,naturaltein.in,Health,198000,MerchantData Sep 2026,A
18,Gully Labs,gullylabs.com,Footwear,185000,MerchantData Sep 2026,A
19,Overlays,overlaysnow.com,Fashion,179000,MerchantData Sep 2026,A
20,Zebronics,zebronics.com,Electronics,178000,MerchantData Sep 2026,A
21,Mokobara,mokobara.com,Bags,176000,MerchantData Sep 2026,A
22,XYXX,xyxxcrew.com,Fashion,171000,MerchantData Sep 2026,A
23,Beastlife,beastlife.in,Health,169000,MerchantData Sep 2026,A
24,Atomberg,atomberg.com,Home Decor,169000,MerchantData Sep 2026,A
25,Vastrado,vastrado.com,Fashion,168000,MerchantData Sep 2026,A
26,Mamaearth,mamaearth.in,Beauty,166000,MerchantData Sep 2026,B
27,Ghar Soaps,gharsoaps.shop,Beauty,161000,MerchantData Sep 2026,B
28,Urban Monkey,urbanmonkey.com,Bags,153000,MerchantData Sep 2026,B
29,Foxtale,foxtale.in,Beauty,147000,MerchantData Sep 2026,B
30,Ant Esports,antesports.com,Electronics,142000,MerchantData Sep 2026,B
31,Flo Mattress,flomattress.com,Home Decor,140000,MerchantData Sep 2026,B
32,Offduty,offduty.in,Fashion,138000,MerchantData Sep 2026,B
33,Powerlook,powerlook.in,Fashion,134000,MerchantData Sep 2026,B
34,SuperYou,superyou.in,Health,128000,MerchantData Sep 2026,B
35,Bellavita,shop.bellavitaluxury.co.in,Beauty,127000,MerchantData Sep 2026,B
36,Campus Shoes,campusshoes.com,Footwear,126000,MerchantData Sep 2026,B
37,Neemans,neemans.com,Footwear,125000,MerchantData Sep 2026,B
38,FUAARK,fuaark.com,Sports,124000,MerchantData Sep 2026,B
39,mCaffeine,mcaffeine.com,Beauty,119000,MerchantData Sep 2026,B
40,Deconstruct,thedeconstruct.in,Beauty,118000,MerchantData Sep 2026,B
41,Posterized,posterized.in,Home Decor,118000,MerchantData Sep 2026,B
42,Plix,shopify.plixlife.com,Health,113000,MerchantData Sep 2026,B
43,Banana Club,bananaclub.co.in,Fashion,109000,MerchantData Sep 2026,B
44,The Sleep Company,thesleepcompany.in,Home Decor,109000,MerchantData Sep 2026,B
45,WROGN,wrogn.com,Fashion,106000,MerchantData Sep 2026,B
46,Bacca Bucci,baccabucci.com,Footwear,103000,MerchantData Sep 2026,B
47,WishCare,mywishcare.com,Beauty,101000,MerchantData Sep 2026,B
48,Aqualogica,aqualogica.in,Beauty,97300,MerchantData Sep 2026,B
49,one8,one8.com,Footwear,97200,MerchantData Sep 2026,B
50,Layers,layers.shop,Electronics,92300,MerchantData Sep 2026,B